id,event,date
1,1127,2020-10-12
1,400,2020-10-12
1,355,2020-10-12
1,202,2020-10-12
1,710,2020-10-12
1,310,2020-10-12
1,521,2020-10-13
1,1498,2020-10-13
1,982,2020-10-13
1,741,2020-10-13
1,931,2020-10-13
1,164,2020-10-13
1,520,2020-10-13
1,1446,2020-10-13
1,740,2020-10-13
1,145,2020-10-13
1,1444,2020-10-13
1,523,2020-10-13
1,1115,2020-10-14
1,211,2020-11-11
1,401,2020-12-11
1,1128,2020-12-11
1,1132,2021-01-08
1,794,2021-01-08